id,firstname,lastname
1,Marcelle,Gaillard
2,William,Noël
3,Raymond,Vincent
4,Caroline,Hervé
5,Antoinette,Guyon
6,Marianne,Rodriguez
7,Céline,Foucher
8,Frédérique,Bodin
9,Charles,Robin
10,Olivie,Guillot
11,Maggie,Munoz
12,Renée,Pineau
13,Alain,Lucas
14,Édith,Benoit
15,Amélie,Descamps
16,Brigitte,Petit
17,Guillaume,Gautier
18,Dorothée,Dupuis
19,Louise,Mary
20,Hélène,Poirier
21,Susanne,Guyon
22,Olivier,Lagarde
23,Gérard,Lefèvre
24,Henriette,Muller
25,Monique,Duval
26,Richard,Lamy
27,Anaïs,Chauveau
28,Benoît,Maurice
29,Maurice,Martin
30,Victoire,Julien
31,Luc,Hervé
32,Martine,Chauvin
33,Nathalie,Duhamel
34,Odette,Clerc
35,Marthe,Poulain
36,Henri,Weber
37,Zoé,Maillard
38,Danielle,Grégoire
39,Michèle,Becker
40,Aimée,Techer
41,Nathalie,Devaux
42,Augustin,De Oliveira
43,Anne,Valette
44,Diane,Hebert
45,Michelle,Pottier
46,Claudine,Rivière
47,Jérôme,Gilles
48,Adélaïde,Toussaint
49,Brigitte,Thibault
50,Stéphane,Chartier
